<?xml version="1.0" encoding="UTF-8"?>
<message>
 <name>SEEINVOIC_V3_0</name>
 <record>
  <internalName>SEEINVOIC#1.SEE_AG#1</internalName>
  <name>SEE_AG</name>
 </record>
 <record>
  <internalName>SEEINVOIC#1.CNT#1</internalName>
  <name>CNT</name>
 </record>
 <record>
  <internalName>SEEINVOIC#1.CNT#1.IC#1</internalName>
  <name>IC</name>
 </record>
 <record>
  <internalName>SEEINVOIC#1.CNT#1.FILTER_SET#1</internalName>
  <name>FILTER_SET</name>
 </record>
 <record>
  <internalName>SEEINVOIC#1.CNT#1.GRP#1.MSG#1</internalName>
  <name>MSG</name>
 </record>
 <record>
  <internalName>SEEINVOIC#1.CNT#1.GRP#1.MSG#1.ME#1</internalName>
  <name>ME</name>
 </record>
 <record>
  <internalName>SEEINVOIC#1.CNT#1.GRP#1.MSG#1.ADD#1</internalName>
  <name>ADD</name>
 </record>
 <record>
  <internalName>SEEINVOIC#1.CNT#1.GRP#1.MSG#1.REF#1</internalName>
  <name>REF</name>
 </record>
 <record>
  <internalName>SEEINVOIC#1.CNT#1.GRP#1.MSG#1.WEIGHT_AND_VOLUME#1</internalName>
  <name>WEIGHT_AND_VOLUME</name>
 </record>
 <record>
  <internalName>SEEINVOIC#1.CNT#1.GRP#1.MSG#1.TXT#1</internalName>
  <name>TXT</name>
 </record>
 <record>
  <internalName>SEEINVOIC#1.CNT#1.GRP#1.MSG#1.DATE#1</internalName>
  <name>DATE</name>
 </record>
 <record>
  <internalName>SEEINVOIC#1.CNT#1.GRP#1.MSG#1.CURRENCY#1</internalName>
  <name>CURRENCY</name>
 </record>
 <record>
  <internalName>SEEINVOIC#1.CNT#1.GRP#1.MSG#1.TAX#1</internalName>
  <name>TAX</name>
 </record>
 <record>
  <internalName>SEEINVOIC#1.CNT#1.GRP#1.MSG#1.TERMS_OF_PAYMENT#1</internalName>
  <name>TERMS_OF_PAYMENT</name>
 </record>
 <record>
  <internalName>SEEINVOIC#1.CNT#1.GRP#1.MSG#1.ALLOWANCE_CHARGE#1</internalName>
  <name>ALLOWANCE_CHARGE</name>
 </record>
 <record>
  <internalName>SEEINVOIC#1.CNT#1.GRP#1.MSG#1.AMOUNT#1</internalName>
  <name>AMOUNT</name>
 </record>
 <record>
  <internalName>SEEINVOIC#1.CNT#1.GRP#1.MSG#1.TRANSPORT_DETAILS#1</internalName>
  <name>TRANSPORT_DETAILS</name>
 </record>
 <record>
  <internalName>SEEINVOIC#1.CNT#1.GRP#1.MSG#1.ITEM#1</internalName>
  <name>ITEM</name>
 </record>
 <record>
  <internalName>SEEINVOIC#1.CNT#1.GRP#1.MSG#1.ITEM#1.ITEM_POS#1</internalName>
  <name>ITEM_POS</name>
 </record>
 <record>
  <internalName>SEEINVOIC#1.CNT#1.GRP#1.MSG#1.ITEM#1.ITEM_NUMBER#1</internalName>
  <name>ITEM_NUMBER</name>
 </record>
 <record>
  <internalName>SEEINVOIC#1.CNT#1.GRP#1.MSG#1.ITEM#1.QTY#1</internalName>
  <name>QTY</name>
 </record>
 <record>
  <internalName>SEEINVOIC#1.CNT#1.GRP#1.MSG#1.ITEM#1.AMOUNT#1</internalName>
  <name>AMOUNT</name>
 </record>
 <record>
  <internalName>SEEINVOIC#1.CNT#1.GRP#1.MSG#1.ITEM#1.REF#1</internalName>
  <name>REF</name>
 </record>
 <record>
  <internalName>SEEINVOIC#1.CNT#1.GRP#1.MSG#1.ITEM#1.DATE#1</internalName>
  <name>DATE</name>
 </record>
 <record>
  <internalName>SEEINVOIC#1.CNT#1.GRP#1.MSG#1.ITEM#1.ADD#1</internalName>
  <name>ADD</name>
 </record>
 <record>
  <internalName>SEEINVOIC#1.CNT#1.GRP#1.MSG#1.ITEM#1.WEIGHT_AND_VOLUME#1</internalName>
  <name>WEIGHT_AND_VOLUME</name>
 </record>
 <record>
  <internalName>SEEINVOIC#1.CNT#1.GRP#1.MSG#1.ITEM#1.TXT#1</internalName>
  <name>TXT</name>
 </record>
 <record>
  <internalName>SEEINVOIC#1.CNT#1.GRP#1.MSG#1.ITEM#1.PACKAGE_DETAILS#1</internalName>
  <name>PACKAGE_DETAILS</name>
 </record>
 <record>
  <internalName>SEEINVOIC#1.CNT#1.GRP#1.MSG#1.ITEM#1.TAX#1</internalName>
  <name>TAX</name>
 </record>
 <record>
  <internalName>SEEINVOIC#1.CNT#1.GRP#1.MSG#1.ITEM#1.ALLOWANCE_CHARGE#1</internalName>
  <name>ALLOWANCE_CHARGE</name>
 </record>
 <record>
  <internalName>SEEINVOIC#1.CNT#1.GRP#1.MSG#1.ITEM#1.PRI#1</internalName>
  <name>PRI</name>
 </record>
</message>
